{
  "ml": {
    "ours_hr": 0.7129139072847682,
    "ours_ndcg": 0.4276879984663417,
    "vs": {
      "NGCF": {
        "hr_base": 0.6956953642384106,
        "ndcg_base": 0.4151215265424836,
        "p_mcnemar": 5.2050842610604965e-05,
        "b_ours_only": 376,
        "c_base_only": 272,
        "p_wilcoxon": 6.21972506416246e-08
      },
      "SGL": {
        "hr_base": 0.7016556291390729,
        "ndcg_base": 0.4250173513265635,
        "p_mcnemar": 0.0027324957254063185,
        "b_ours_only": 284,
        "c_base_only": 216,
        "p_wilcoxon": 0.12227078060668736
      },
      "DirectAU": {
        "hr_base": 0.5940397350993377,
        "ndcg_base": 0.35263450627295384,
        "p_mcnemar": 1.1234714983350495e-85,
        "b_ours_only": 1027,
        "c_base_only": 309,
        "p_wilcoxon": 6.4173851559463125e-96
      },
      "LightGCL": {
        "hr_base": 0.6910596026490067,
        "ndcg_base": 0.4151265836660041,
        "p_mcnemar": 4.878653071551793e-07,
        "b_ours_only": 405,
        "c_base_only": 273,
        "p_wilcoxon": 3.706660272998089e-08
      },
      "SCCF": {
        "hr_base": 0.5733443708609272,
        "ndcg_base": 0.3291267340694437,
        "p_mcnemar": 1.5565975316549584e-96,
        "b_ours_only": 1237,
        "c_base_only": 394,
        "p_wilcoxon": 4.8349035004050974e-104
      }
    }
  },
  "pin": {
    "ours_hr": 0.8836138945766213,
    "ours_ndcg": 0.5683553836893992,
    "vs": {
      "NGCF": {
        "hr_base": 0.8687009621831229,
        "ndcg_base": 0.537520415132264,
        "p_mcnemar": 1.1785641819411555e-39,
        "b_ours_only": 2357,
        "c_base_only": 1534,
        "p_wilcoxon": 1.6682125581988464e-246
      },
      "SGL": {
        "hr_base": 0.8748074727743853,
        "ndcg_base": 0.5579958392786535,
        "p_mcnemar": 6.657863239341361e-20,
        "b_ours_only": 1653,
        "c_base_only": 1167,
        "p_wilcoxon": 2.717434805825607e-50
      },
      "DirectAU": {
        "hr_base": 0.8798811314258793,
        "ndcg_base": 0.5599057607817559,
        "p_mcnemar": 0.0004385615955635952,
        "b_ours_only": 1803,
        "c_base_only": 1597,
        "p_wilcoxon": 4.739554264925026e-24
      },
      "LightGCL": {
        "hr_base": 0.8656930074111657,
        "ndcg_base": 0.5376993154067592,
        "p_mcnemar": 1.9074121257654207e-56,
        "b_ours_only": 2442,
        "c_base_only": 1453,
        "p_wilcoxon": 1.5645484649735086e-257
      },
      "SCCF": {
        "hr_base": 0.8539511116748509,
        "ndcg_base": 0.5403808012804793,
        "p_mcnemar": 6.798898621423415e-106,
        "b_ours_only": 3620,
        "c_base_only": 1983,
        "p_wilcoxon": 2.9883820348913274e-116
      }
    }
  }
}